Workbook

Sheet Resumen
C2: Reporte de Ventas Julio 2026
D4: Fuente: Datos_ERP | Corte al 24/07/2026 | Comparativo vs Junio 2026
C8: VENTAS TOTALES JULIO | E8: VENTAS TOTALES JUNIO | G8: VARIACIÓN % MES | I8: TICKET PROMEDIO JULIO
C9: =SUMIFS(Datos_ERP!$I$2:$I$184,Datos_ERP!$B$2:$B$184,">="&DATE(2026,7,1),Datos_ERP!$B$2:$B$184,"<="&DATE(2026,7,31)) -> 266044.86 | E9: =SUMIFS(Datos_ERP!$I$2:$I$184,Datos_ERP!$B$2:$B$184,">="&DATE(2026,6,1),Datos_ERP!$B$2:$B$184,"<="&DATE(2026,6,30)) -> 265045.65 | G9: =(C9-E9)/E9 -> 0.0037699543 | I9: =C9/COUNTIFS(Datos_ERP!$B$2:$B$184,">="&DATE(2026,7,1),Datos_ERP!$B$2:$B$184,"<="&DATE(2026,7,31)) -> 3023.237
C14: Ventas por Categoría Julio vs Junio
C16: Categoría | D16: Julio 2026 | E16: Junio 2026 | F16: Variación %
C17: Electricidad | D17: =SUMIFS(Datos_ERP!$I$2:$I$184,Datos_ERP!$F$2:$F$184,$C17,Datos_ERP!$B$2:$B$184,">="&DATE(2026,7,1),Datos_ERP!$B$2:$B$184,"<="&DATE(2026,7,31)) -> 82574.16 | E17: =SUMIFS(Datos_ERP!$I$2:$I$184,Datos_ERP!$F$2:$F$184,$C17,Datos_ERP!$B$2:$B$184,">="&DATE(2026,6,1),Datos_ERP!$B$2:$B$184,"<="&DATE(2026,6,30)) -> 58478.87 | F17: =IFERROR((D17-E17)/E17,0) -> 0.41203412
C18: Herramientas | D18: =SUMIFS(Datos_ERP!$I$2:$I$184,Datos_ERP!$F$2:$F$184,$C18,Datos_ERP!$B$2:$B$184,">="&DATE(2026,7,1),Datos_ERP!$B$2:$B$184,"<="&DATE(2026,7,31)) -> 118095.06 | E18: =SUMIFS(Datos_ERP!$I$2:$I$184,Datos_ERP!$F$2:$F$184,$C18,Datos_ERP!$B$2:$B$184,">="&DATE(2026,6,1),Datos_ERP!$B$2:$B$184,"<="&DATE(2026,6,30)) -> 104392.73 | F18: =IFERROR((D18-E18)/E18,0) -> 0.13125751
C19: Materiales | D19: =SUMIFS(Datos_ERP!$I$2:$I$184,Datos_ERP!$F$2:$F$184,$C19,Datos_ERP!$B$2:$B$184,">="&DATE(2026,7,1),Datos_ERP!$B$2:$B$184,"<="&DATE(2026,7,31)) -> 14628.25 | E19: =SUMIFS(Datos_ERP!$I$2:$I$184,Datos_ERP!$F$2:$F$184,$C19,Datos_ERP!$B$2:$B$184,">="&DATE(2026,6,1),Datos_ERP!$B$2:$B$184,"<="&DATE(2026,6,30)) -> 27462.49 | F19: =IFERROR((D19-E19)/E19,0) -> -0.46733708
C20: Pinturas | D20: =SUMIFS(Datos_ERP!$I$2:$I$184,Datos_ERP!$F$2:$F$184,$C20,Datos_ERP!$B$2:$B$184,">="&DATE(2026,7,1),Datos_ERP!$B$2:$B$184,"<="&DATE(2026,7,31)) -> 32130.96 | E20: =SUMIFS(Datos_ERP!$I$2:$I$184,Datos_ERP!$F$2:$F$184,$C20,Datos_ERP!$B$2:$B$184,">="&DATE(2026,6,1),Datos_ERP!$B$2:$B$184,"<="&DATE(2026,6,30)) -> 49779.22 | F20: =IFERROR((D20-E20)/E20,0) -> -0.35453067
C21: Plomería | D21: =SUMIFS(Datos_ERP!$I$2:$I$184,Datos_ERP!$F$2:$F$184,$C21,Datos_ERP!$B$2:$B$184,">="&DATE(2026,7,1),Datos_ERP!$B$2:$B$184,"<="&DATE(2026,7,31)) -> 18616.43 | E21: =SUMIFS(Datos_ERP!$I$2:$I$184,Datos_ERP!$F$2:$F$184,$C21,Datos_ERP!$B$2:$B$184,">="&DATE(2026,6,1),Datos_ERP!$B$2:$B$184,"<="&DATE(2026,6,30)) -> 24932.34 | F21: =IFERROR((D21-E21)/E21,0) -> -0.25332199
C24: Top 5 Productos Julio 2026
C25: Producto | D25: Monto Vendido | E25: Unidades
C26: Taladro Percutor 750W | D26: =SUMIFS(Datos_ERP!$I$2:$I$184,Datos_ERP!$E$2:$E$184,$C26,Datos_ERP!$B$2:$B$184,">="&DATE(2026,7,1),Datos_ERP!$B$2:$B$184,"<="&DATE(2026,7,31)) -> 85273.89 | E26: =SUMIFS(Datos_ERP!$G$2:$G$184,Datos_ERP!$E$2:$E$184,$C26,Datos_ERP!$B$2:$B$184,">="&DATE(2026,7,1),Datos_ERP!$B$2:$B$184,"<="&DATE(2026,7,31)) -> 58
C27: Cable THW 10AWG (rollo) | D27: =SUMIFS(Datos_ERP!$I$2:$I$184,Datos_ERP!$E$2:$E$184,$C27,Datos_ERP!$B$2:$B$184,">="&DATE(2026,7,1),Datos_ERP!$B$2:$B$184,"<="&DATE(2026,7,31)) -> 81517.86 | E27: =SUMIFS(Datos_ERP!$G$2:$G$184,Datos_ERP!$E$2:$E$184,$C27,Datos_ERP!$B$2:$B$184,">="&DATE(2026,7,1),Datos_ERP!$B$2:$B$184,"<="&DATE(2026,7,31)) -> 72
C28: Pintura Vinílica 19L | D28: =SUMIFS(Datos_ERP!$I$2:$I$184,Datos_ERP!$E$2:$E$184,$C28,Datos_ERP!$B$2:$B$184,">="&DATE(2026,7,1),Datos_ERP!$B$2:$B$184,"<="&DATE(2026,7,31)) -> 32130.96 | E28: =SUMIFS(Datos_ERP!$G$2:$G$184,Datos_ERP!$E$2:$E$184,$C28,Datos_ERP!$B$2:$B$184,">="&DATE(2026,7,1),Datos_ERP!$B$2:$B$184,"<="&DATE(2026,7,31)) -> 32
C29: Set Destornilladores 12pz | D29: =SUMIFS(Datos_ERP!$I$2:$I$184,Datos_ERP!$E$2:$E$184,$C29,Datos_ERP!$B$2:$B$184,">="&DATE(2026,7,1),Datos_ERP!$B$2:$B$184,"<="&DATE(2026,7,31)) -> 20677.5 | E29: =SUMIFS(Datos_ERP!$G$2:$G$184,Datos_ERP!$E$2:$E$184,$C29,Datos_ERP!$B$2:$B$184,">="&DATE(2026,7,1),Datos_ERP!$B$2:$B$184,"<="&DATE(2026,7,31)) -> 64
C30: Tubo PVC 4" 6m | D30: =SUMIFS(Datos_ERP!$I$2:$I$184,Datos_ERP!$E$2:$E$184,$C30,Datos_ERP!$B$2:$B$184,">="&DATE(2026,7,1),Datos_ERP!$B$2:$B$184,"<="&DATE(2026,7,31)) -> 18616.43 | E30: =SUMIFS(Datos_ERP!$G$2:$G$184,Datos_ERP!$E$2:$E$184,$C30,Datos_ERP!$B$2:$B$184,">="&DATE(2026,7,1),Datos_ERP!$B$2:$B$184,"<="&DATE(2026,7,31)) -> 73
C33: Ranking de Vendedores Julio 2026
C34: Vendedor | D34: Ventas Julio | E34: # Ventas
C35: Jorge Pech | D35: =SUMIFS(Datos_ERP!$I$2:$I$184,Datos_ERP!$C$2:$C$184,$C35,Datos_ERP!$B$2:$B$184,">="&DATE(2026,7,1),Datos_ERP!$B$2:$B$184,"<="&DATE(2026,7,31)) -> 74483.59 | E35: =COUNTIFS(Datos_ERP!$C$2:$C$184,$C35,Datos_ERP!$B$2:$B$184,">="&DATE(2026,7,1),Datos_ERP!$B$2:$B$184,"<="&DATE(2026,7,31)) -> 19
C36: Luis Medina | D36: =SUMIFS(Datos_ERP!$I$2:$I$184,Datos_ERP!$C$2:$C$184,$C36,Datos_ERP!$B$2:$B$184,">="&DATE(2026,7,1),Datos_ERP!$B$2:$B$184,"<="&DATE(2026,7,31)) -> 62323.81 | E36: =COUNTIFS(Datos_ERP!$C$2:$C$184,$C36,Datos_ERP!$B$2:$B$184,">="&DATE(2026,7,1),Datos_ERP!$B$2:$B$184,"<="&DATE(2026,7,31)) -> 18
C37: Ana Torres | D37: =SUMIFS(Datos_ERP!$I$2:$I$184,Datos_ERP!$C$2:$C$184,$C37,Datos_ERP!$B$2:$B$184,">="&DATE(2026,7,1),Datos_ERP!$B$2:$B$184,"<="&DATE(2026,7,31)) -> 60547.15 | E37: =COUNTIFS(Datos_ERP!$C$2:$C$184,$C37,Datos_ERP!$B$2:$B$184,">="&DATE(2026,7,1),Datos_ERP!$B$2:$B$184,"<="&DATE(2026,7,31)) -> 16
C38: Marta Uc | D38: =SUMIFS(Datos_ERP!$I$2:$I$184,Datos_ERP!$C$2:$C$184,$C38,Datos_ERP!$B$2:$B$184,">="&DATE(2026,7,1),Datos_ERP!$B$2:$B$184,"<="&DATE(2026,7,31)) -> 37726.63 | E38: =COUNTIFS(Datos_ERP!$C$2:$C$184,$C38,Datos_ERP!$B$2:$B$184,">="&DATE(2026,7,1),Datos_ERP!$B$2:$B$184,"<="&DATE(2026,7,31)) -> 16
C39: Carla Nuñez | D39: =SUMIFS(Datos_ERP!$I$2:$I$184,Datos_ERP!$C$2:$C$184,$C39,Datos_ERP!$B$2:$B$184,">="&DATE(2026,7,1),Datos_ERP!$B$2:$B$184,"<="&DATE(2026,7,31)) -> 30963.68 | E39: =COUNTIFS(Datos_ERP!$C$2:$C$184,$C39,Datos_ERP!$B$2:$B$184,">="&DATE(2026,7,1),Datos_ERP!$B$2:$B$184,"<="&DATE(2026,7,31)) -> 19
C41: Nota: datos simulados para fines de demostración (Datos_ERP). En un ERP real este reporte se conectaría a las tablas de facturación/pedidos.

Sheet Datos_ERP
A1: ID_Venta | B1: Fecha | C1: Vendedor | D1: Cliente | E1: Producto | F1: Categoria | G1: Cantidad | H1: Precio_Unitario | I1: Total | J1: Region
A2: 1024 | B2: 46174 | C2: Ana Torres | D2: Tienda Xa'an | E2: Taladro Percutor 750W | F2: Herramientas | G2: 10 | H2: 1424.5 | I2: 14245 | J2: Cancún
A3: 1091 | B3: 46174 | C3: Marta Uc | D3: Constructora Balam | E3: Tubo PVC 4" 6m | F3: Plomería | G3: 10 | H3: 271.6 | I3: 2716 | J3: Cancún
A4: 1031 | B4: 46175 | C4: Luis Medina | D4: Comercial del Sur | E4: Taladro Percutor 750W | F4: Herramientas | G4: 2 | H4: 1480.14 | I4: 2960.28 | J4: Mérida
A5: 1035 | B5: 46175 | C5: Ana Torres | D5: Distribuidora Maya | E5: Tubo PVC 4" 6m | F5: Plomería | G5: 8 | H5: 269.46 | I5: 2155.68 | J5: Cancún
A6: 1042 | B6: 46175 | C6: Carla Nuñez | D6: Distribuidora Maya | E6: Taladro Percutor 750W | F6: Herramientas | G6: 10 | H6: 1484.18 | I6: 14841.8 | J6: Mérida
A7: 1083 | B7: 46175 | C7: Marta Uc | D7: Grupo Interior | E7: Cemento Gris 50kg | F7: Materiales | G7: 12 | H7: 210.38 | I7: 2524.56 | J7: Mérida
A8: 1044 | B8: 46176 | C8: Marta Uc | D8: Comercial del Sur | E8: Casco de Seguridad | F8: Herramientas | G8: 2 | H8: 186.32 | I8: 372.64 | J8: Campeche
A9: 1080 | B9: 46176 | C9: Jorge Pech | D9: Constructora Balam | E9: Silicón Industrial | F9: Materiales | G9: 10 | H9: 98.32 | I9: 983.2 | J9: Campeche
A10: 1034 | B10: 46177 | C10: Jorge Pech | D10: Tienda Xa'an | E10: Silicón Industrial | F10: Materiales | G10: 7 | H10: 92.06 | I10: 644.42 | J10: Cancún
A11: 1017 | B11: 46178 | C11: Marta Uc | D11: Mueblería Ceiba | E11: Guantes Industriales | F11: Herramientas | G11: 7 | H11: 64.1 | I11: 448.7 | J11: Mérida
A12: 1041 | B12: 46178 | C12: Luis Medina | D12: Abarrotes Kin | E12: Casco de Seguridad | F12: Herramientas | G12: 11 | H12: 183.93 | I12: 2023.23 | J12: Mérida
A13: 1073 | B13: 46178 | C13: Luis Medina | D13: Constructora Balam | E13: Tubo PVC 4" 6m | F13: Plomería | G13: 12 | H13: 254.69 | I13: 3056.28 | J13: Campeche
... A184: 1169 | B184: 46234 | C184: Carla Nuñez | D184: Electro Uxmal | E184: Casco de Seguridad | F184: Herramientas | G184: 3 | H184: 172.33 | I184: 516.99 | J184: Cancún
